--
-- PostgreSQL database dump
--

-- Dumped from database version 16.9 (Debian 16.9-1.pgdg120+1)
-- Dumped by pg_dump version 17.4

-- Started on 2025-06-12 17:52:39

-- SET statement_timeout = 0;
-- SET lock_timeout = 0;
-- SET idle_in_transaction_session_timeout = 0;
-- SET transaction_timeout = 0;
-- SET client_encoding = 'UTF8';
-- SET standard_conforming_strings = on;
-- SELECT pg_catalog.set_config('search_path', '', false);
-- SET check_function_bodies = false;
-- SET xmloption = content;
-- SET client_min_messages = warning;
-- SET row_security = off;

-- --
-- TOC entry 5 (class 2615 OID 2200)
-- Name: public; Type: SCHEMA; Schema: -; Owner: cse340db
--

-- CREATE SCHEMA public;


ALTER SCHEMA public OWNER TO cse340db;

--
-- TOC entry 3390 (class 0 OID 0)
-- Dependencies: 5
-- Name: SCHEMA public; Type: COMMENT; Schema: -; Owner: cse340db
--

COMMENT ON SCHEMA public IS 'standard public schema';


--
-- TOC entry 846 (class 1247 OID 16399)
-- Name: account_type; Type: TYPE; Schema: public; Owner: cse340db
--

CREATE TYPE public.account_type AS ENUM (
    'Client',
    'Employee',
    'Admin'
);


ALTER TYPE public.account_type OWNER TO cse340db;

SET default_tablespace = '';

SET default_table_access_method = heap;

--
-- TOC entry 220 (class 1259 OID 16427)
-- Name: account; Type: TABLE; Schema: public; Owner: cse340db
--

CREATE TABLE public.account (
    account_id integer NOT NULL,
    account_firstname character varying NOT NULL,
    account_lastname character varying NOT NULL,
    account_email character varying NOT NULL,
    account_password character varying NOT NULL,
    account_type public.account_type DEFAULT 'Client'::public.account_type NOT NULL
);


ALTER TABLE public.account OWNER TO cse340db;

--
-- TOC entry 219 (class 1259 OID 16426)
-- Name: account_account_id_seq; Type: SEQUENCE; Schema: public; Owner: cse340db
--

ALTER TABLE public.account ALTER COLUMN account_id ADD GENERATED BY DEFAULT AS IDENTITY (
    SEQUENCE NAME public.account_account_id_seq
    START WITH 1
    INCREMENT BY 1
    NO MINVALUE
    NO MAXVALUE
    CACHE 1
);


--
-- TOC entry 216 (class 1259 OID 16406)
-- Name: classification; Type: TABLE; Schema: public; Owner: cse340db
--

CREATE TABLE public.classification (
    classification_id integer NOT NULL,
    classification_name character varying NOT NULL
);


ALTER TABLE public.classification OWNER TO cse340db;

--
-- TOC entry 215 (class 1259 OID 16405)
-- Name: classification_classification_id_seq; Type: SEQUENCE; Schema: public; Owner: cse340db
--

ALTER TABLE public.classification ALTER COLUMN classification_id ADD GENERATED BY DEFAULT AS IDENTITY (
    SEQUENCE NAME public.classification_classification_id_seq
    START WITH 1
    INCREMENT BY 1
    NO MINVALUE
    NO MAXVALUE
    CACHE 1
);


--
-- TOC entry 218 (class 1259 OID 16414)
-- Name: inventory; Type: TABLE; Schema: public; Owner: cse340db
--

CREATE TABLE public.inventory (
    inv_id integer NOT NULL,
    inv_make character varying NOT NULL,
    inv_model character varying NOT NULL,
    inv_year character(4) NOT NULL,
    inv_description text NOT NULL,
    inv_image character varying NOT NULL,
    inv_thumbnail character varying NOT NULL,
    inv_price numeric(9,0) NOT NULL,
    inv_miles integer NOT NULL,
    inv_color character varying NOT NULL,
    classification_id integer NOT NULL
);


ALTER TABLE public.inventory OWNER TO cse340db;

--
-- TOC entry 217 (class 1259 OID 16413)
-- Name: inventory_inv_id_seq; Type: SEQUENCE; Schema: public; Owner: cse340db
--

ALTER TABLE public.inventory ALTER COLUMN inv_id ADD GENERATED BY DEFAULT AS IDENTITY (
    SEQUENCE NAME public.inventory_inv_id_seq
    START WITH 1
    INCREMENT BY 1
    NO MINVALUE
    NO MAXVALUE
    CACHE 1
);


--
-- TOC entry 221 (class 1259 OID 16435)
-- Name: session; Type: TABLE; Schema: public; Owner: cse340db
--

CREATE TABLE public.session (
    sid character varying NOT NULL,
    sess json NOT NULL,
    expire timestamp(6) without time zone NOT NULL
);


ALTER TABLE public.session OWNER TO cse340db;

--
-- TOC entry 3383 (class 0 OID 16427)
-- Dependencies: 220
-- Data for Name: account; Type: TABLE DATA; Schema: public; Owner: cse340db
--

INSERT INTO public.account (account_id, account_firstname, account_lastname, account_email, account_password, account_type) VALUES
(31, 'Happy', 'Silva', 'happy@340.edu', '$2b$10$8iDEyP6OT86VCSBbQ2banuzWgoXoizTyZOIskOk/w0GDKlXD1f9jC', 'Client'),
(32, 'Yoshi', 'Nikamora', 'yoshi@nikamora.com', '$2b$10$ym9ACxiCiLZeCj8pP70py.P38Rdb.ogAkJm4xw8Y1ZMlBYYtFntH6', 'Client'),
(28, 'Basic', 'Client', 'basic@340.edu', '$2b$10$xLF86fl1Sj.qPquMhikc2OhFBL.GA1QZ757RjyMGg/8oM.fUVdiB.', 'Client'),
(30, 'Manager', 'User', 'manager@340.edu', '$2b$10$LHUY2jtMyLYt8fId1ypp2OwZnQJDjaZnNaMqYidkhLcCp8YiCaIYu', 'Admin');


--
-- TOC entry 3379 (class 0 OID 16406)
-- Dependencies: 216
-- Data for Name: classification; Type: TABLE DATA; Schema: public; Owner: cse340db
--

INSERT INTO public.classification (classification_id, classification_name) VALUES
(1, 'Custom'),
(2, 'Sport'),
(3, 'SUV'),
(4, 'Truck'),
(5, 'Sedan'),
(8, 'Electric'),
(11, 'NASCAR'),
(14, 'Smart');


--
-- TOC entry 3381 (class 0 OID 16414)
-- Dependencies: 218
-- Data for Name: inventory; Type: TABLE DATA; Schema: public; Owner: cse340db
--

INSERT INTO public.inventory (inv_id, inv_make, inv_model, inv_year, inv_description, inv_image, inv_thumbnail, inv_price, inv_miles, inv_color, classification_id) VALUES
(2, 'Batmobile', 'Custom', '2007', 'Ever want to be a super hero? now you can with the batmobile. This car allows you to switch to bike mode allowing you to easily maneuver through traffic during rush hour.', '/images/vehicles/batmobile.jpg', '/images/vehicles/batmobile-tn.jpg', 65000, 29887, 'Black', 1),
(3, 'FBI', 'Surveillance Van', '2016', 'Do you like police shows? You will feel right at home driving this van, comes complete with survalence equipments for and extra fee of $2,000 a month.', '/images/vehicles/survan.jpg', '/images/vehicles/survan-tn.jpg', 20000, 19851, 'Brown', 1),
(4, 'Dog', 'Car', '1997', 'Do you like dogs? Well this car is for you straight from the 90s from Aspen, Colorado we have the orginal Dog Car complete with fluffy ears.', '/images/vehicles/dog-car.jpg', '/images/vehicles/dog-car-tn.jpg', 35000, 71632, 'White', 1),
(5, 'Jeep', 'Wrangler', '2019', 'The Jeep Wrangler is small and compact with enough power to get you where you want to go. Its great for everyday driving as well as offroading weather that be on the the rocks or in the mud!', '/images/vehicles/wrangler.jpg', '/images/vehicles/wrangler-tn.jpg', 28045, 41205, 'Yellow', 3),
(7, 'Aerocar International', 'Aerocar', '1963', 'Are you sick of rushhour trafic? This car converts into an airplane to get you where you are going fast. Only 6 of these were made, get them while they last!', '/images/vehicles/aerocar.jpg', '/images/vehicles/aerocar-tn.jpg', 700000, 18956, 'Red', 1),
(8, 'Monster', 'Truck', '1995', 'Most trucks are for working, this one is for fun. This beast comes with 60 inch tires giving you traction needed to jump and roll in the mud.', '/images/vehicles/monster-truck.jpg', '/images/vehicles/monster-truck-tn.jpg', 150000, 3998, 'purple', 1),
(9, 'Cadillac', 'Escalade', '2019', 'This stylin car is great for any occasion from going to the beach to meeting the president. The luxurious inside makes this car a home away from home.', '/images/vehicles/escalade.jpg', '/images/vehicles/escalade-tn.jpg', 75195, 41958, 'Black', 4),
(11, 'Mechanic', 'Special', '1964', 'Not sure where this car came from. however with a little tlc it will run as good a new.', '/images/vehicles/mechanic.jpg', '/images/vehicles/mechanic-tn.jpg', 100, 200125, 'Rust', 5),
(12, 'Ford', 'Model T', '1921', 'The Ford Model T can be a bit tricky to drive. It was the first car to be put into production. You can get it in any color you want as long as it is black.', '/images/vehicles/model-t.jpg', '/images/vehicles/model-t-tn.jpg', 30000, 26357, 'Black', 5),
(13, 'Mystery', 'Machine', '1999', 'Scooby and the gang always found luck in solving their mysteries because of there 4 wheel drive Mystery Machine. This Van will help you do whatever job you are required to with a success rate of 100%.', '/images/vehicles/mystery-van.jpg', '/images/vehicles/mystery-van-tn.jpg', 10000, 128564, 'Green', 1),
(14, 'Spartan', 'Fire Truck', '2012', 'Emergencies happen often. Be prepared with this Spartan fire truck. Comes complete with 1000 ft. of hose and a 1000 gallon tank.', '/images/vehicles/fire-truck.jpg', '/images/vehicles/fire-truck-tn.jpg', 50000, 38522, 'Red', 4),
(15, 'Ford', 'Crown Victoria', '2013', 'After the police force updated their fleet these cars are now available to the public! These cars come equiped with the siren which is convenient for college students running late to class.', '/images/vehicles/crwn-vic.jpg', '/images/vehicles/crwn-vic-tn.jpg', 10000, 108247, 'White', 5),
(10, 'GM', 'Hummer', '2016', 'Do you have 6 kids and like to go offroading? The Hummer gives you the a huge interior with an engine to get you out of any muddy or rocky situation.', '/images/vehicles/hummer.jpg', '/images/vehicles/hummer-tn.jpg', 58800, 56564, 'Yellow', 4),
(1, 'Chevy', 'Camaro', '2018', 'If you want to look cool this is the car you need! This car has great performance at an affordable price. Own it today!', '/images/vehicles/camaro.jpg', '/images/vehicles/camaro-tn.jpg', 25000, 101222, 'Silver', 2),
(21, 'Mercedes-Benz', 'Smart Fortwo', '2018', 'The Smart Fortwo (stylized as "smart fortwo") is a two-seater city car manufactured and marketed by the Smart division of the Mercedes-Benz Group for model years 1998–2024, across three generations — each using a rear-engine, rear-wheel-drive layout and a one-box design.', '/images/vehicles/fortwo.jpg', '/images/vehicles/fortwo-tn.jpg', 12790, 25000, 'Orange', 14),
(6, 'Lamborghini', 'Adventador', '2016', 'This V-12 engine packs a punch in this sporty car. Make sure you wear your seatbelt and obey all traffic laws. ', '/images/vehicles/adventador.jpg', '/images/vehicles/adventador-tn.jpg', 417650, 71005, 'Blue', 2),
(18, 'Tesla', 'Model X', '2016', 'The Tesla Model X is a luxury all-electric SUV known for its falcon-wing doors, spacious interior, and impressive performance. It offers long range, fast acceleration, and advanced tech features like Autopilot and a large touchscreen display. With seating for up to seven and ample cargo space, it combines utility with cutting-edge EV innovation.', '/images/vehicles/tesla.png', '/images/vehicles/tesla-tn.png', 75001, 18040, 'black', 8),
(19, 'Lightning', 'McQueen', '2010', 'Meet Lightning McQueen: a sleek, custom-built race car with a bold red finish, high-performance V8 engine, and legendary Rust-eze sponsor decals. Boasting top speeds over 200 mph, precision handling, and championship pedigree, he’s more than a car—he’s a winner. Perfect for thrill-seekers chasing glory on or off the track.', '/images/vehicles/McQueen.jpg', '/images/vehicles/McQueen-tn.jpg', 325001, 250000, 'Red', 11);


--
-- TOC entry 3384 (class 0 OID 16435)
-- Dependencies: 221
-- Data for Name: session; Type: TABLE DATA; Schema: public; Owner: cse340db
--

INSERT INTO public.session (sid, sess, expire) VALUES
('plcXIKrRDySmaoEJv_TRA8cobJru0K4G', '{"cookie":{"originalMaxAge":null,"expires":null,"httpOnly":true,"path":"/"},"flash":{}}', '2025-06-13 11:52:57'),
('5BL13JiFWjgrv0_9hRuCKlYQgIrZQUPP', '{"cookie":{"originalMaxAge":null,"expires":null,"httpOnly":true,"path":"/"},"flash":{}}', '2025-06-13 11:53:06'),
('bRN7svIz7vHkthC3txyO1wpiRslbXiPA', '{"cookie":{"originalMaxAge":null,"expires":null,"httpOnly":true,"path":"/"},"flash":{}}', '2025-06-13 23:10:59'),
('8gYN8mYi6tiuos8f0vzSx0y4tl6_CW0D', '{"cookie":{"originalMaxAge":null,"expires":null,"httpOnly":true,"path":"/"},"flash":{}}', '2025-06-13 11:33:53'),
('gXtCGGuznxIHkP0IaQc5U8ojr1yEbLsh', '{"cookie":{"originalMaxAge":null,"expires":null,"httpOnly":true,"path":"/"},"flash":{}}', '2025-06-13 12:04:02'),
('md29eB9TMpsj0zpLmJjqjQKPaEF0TwX5', '{"cookie":{"originalMaxAge":null,"expires":null,"httpOnly":true,"path":"/"},"flash":{}}', '2025-06-13 12:04:09'),
('FAqqjlq9hVMjjq4eqoTcW7ik8A45NBlx', '{"cookie":{"originalMaxAge":null,"expires":null,"httpOnly":true,"path":"/"},"flash":{}}', '2025-06-13 11:56:06'),
('zBQtSQlSKlsiBkYpI1tJn94O442k0o8z', '{"cookie":{"originalMaxAge":null,"expires":null,"httpOnly":true,"path":"/"}}', '2025-06-13 11:56:07'),
('El4SBsfFv1fIgZotxtGai6r3-w_nQO9L', '{"cookie":{"originalMaxAge":null,"expires":null,"httpOnly":true,"path":"/"},"flash":{}}', '2025-06-13 12:06:39');


--
-- TOC entry 3391 (class 0 OID 0)
-- Dependencies: 219
-- Name: account_account_id_seq; Type: SEQUENCE SET; Schema: public; Owner: cse340db
--

SELECT pg_catalog.setval('public.account_account_id_seq', 32, true);


--
-- TOC entry 3392 (class 0 OID 0)
-- Dependencies: 215
-- Name: classification_classification_id_seq; Type: SEQUENCE SET; Schema: public; Owner: cse340db
--

SELECT pg_catalog.setval('public.classification_classification_id_seq', 14, true);


--
-- TOC entry 3393 (class 0 OID 0)
-- Dependencies: 217
-- Name: inventory_inv_id_seq; Type: SEQUENCE SET; Schema: public; Owner: cse340db
--

SELECT pg_catalog.setval('public.inventory_inv_id_seq', 21, true);


--
-- TOC entry 3230 (class 2606 OID 16434)
-- Name: account account_pkey; Type: CONSTRAINT; Schema: public; Owner: cse340db
--

ALTER TABLE ONLY public.account
    ADD CONSTRAINT account_pkey PRIMARY KEY (account_id);


--
-- TOC entry 3226 (class 2606 OID 16412)
-- Name: classification classification_pk; Type: CONSTRAINT; Schema: public; Owner: cse340db
--

ALTER TABLE ONLY public.classification
    ADD CONSTRAINT classification_pk PRIMARY KEY (classification_id);


--
-- TOC entry 3228 (class 2606 OID 16420)
-- Name: inventory inventory_pkey; Type: CONSTRAINT; Schema: public; Owner: cse340db
--

ALTER TABLE ONLY public.inventory
    ADD CONSTRAINT inventory_pkey PRIMARY KEY (inv_id);


--
-- TOC entry 3233 (class 2606 OID 16441)
-- Name: session session_pkey; Type: CONSTRAINT; Schema: public; Owner: cse340db
--

ALTER TABLE ONLY public.session
    ADD CONSTRAINT session_pkey PRIMARY KEY (sid);


--
-- TOC entry 3231 (class 1259 OID 16442)
-- Name: IDX_session_expire; Type: INDEX; Schema: public; Owner: cse340db
--

CREATE INDEX "IDX_session_expire" ON public.session USING btree (expire);


--
-- TOC entry 3234 (class 2606 OID 16421)
-- Name: inventory fk_classification; Type: FK CONSTRAINT; Schema: public; Owner: cse340db
--

ALTER TABLE ONLY public.inventory
    ADD CONSTRAINT fk_classification FOREIGN KEY (classification_id) REFERENCES public.classification(classification_id) ON UPDATE CASCADE;


-- Completed on 2025-06-12 17:52:46

--
-- PostgreSQL database dump complete
--

